<keymap version="1" name="Default copy" parent="Default for XWin">
  <action id="CIDR.Debugger.CopyAddress" />
  <action id="CommentByBlockComment">
    <keyboard-shortcut first-keystroke="shift ctrl slash" />
    <keyboard-shortcut first-keystroke="shift ctrl divide" />
    <keyboard-shortcut first-keystroke="shift ctrl c" />
  </action>
  <action id="CopyPaths" />
  <action id="EditorChooseLookupItemReplace" />
  <action id="EditorIndentSelection" />
  <action id="EditorNextWordWithSelection" />
  <action id="EditorPreviousWordWithSelection" />
  <action id="EditorTab">
    <keyboard-shortcut first-keystroke="shift tab" />
  </action>
  <action id="EditorUnindentSelection" />
  <action id="EmacsStyleIndent">
    <keyboard-shortcut first-keystroke="tab" />
  </action>
  <action id="ExpandLiveTemplateByTab" />
  <action id="NextParameter" />
  <action id="NextSplitter">
    <keyboard-shortcut first-keystroke="shift ctrl right" />
  </action>
  <action id="NextTemplateParameter" />
  <action id="NextTemplateVariable">
    <keyboard-shortcut first-keystroke="enter" />
  </action>
  <action id="PrevParameter" />
  <action id="PrevSplitter">
    <keyboard-shortcut first-keystroke="shift ctrl left" />
  </action>
  <action id="PrevTemplateParameter" />
  <action id="PreviousTemplateVariable" />
  <action id="RemoteHostView.CopyPaths" />
  <action id="ResizeToolWindowLeft" />
  <action id="ResizeToolWindowRight" />
  <action id="SwitchApply">
    <keyboard-shortcut first-keystroke="shift alt enter" />
  </action>
  <action id="SwitchDown">
    <keyboard-shortcut first-keystroke="shift alt down" />
  </action>
  <action id="SwitchLeft">
    <keyboard-shortcut first-keystroke="shift alt left" />
  </action>
  <action id="SwitchRight">
    <keyboard-shortcut first-keystroke="shift alt right" />
  </action>
  <action id="SwitchUp">
    <keyboard-shortcut first-keystroke="shift alt up" />
  </action>
</keymap>